residue_number,residue_name,buriedness,contacts,distance_to_active_site,is_secondary,is_buried,is_connected,is_close_to_as
4,A,0.760689696046997,4.0,36.04751288230577,False,False,False,False
5,A,1.4091640307291633,7.0,34.326935895882116,False,False,False,False
6,A,0.6138215133946894,5.0,36.513661128405076,False,False,False,False
7,A,2.836883261822573,7.0,33.55299299615461,False,False,False,False
8,G,1.9734716655069042,9.0,31.955742801568547,False,False,True,False
9,A,3.9800492001875867,10.0,29.474174678860813,False,False,True,False
10,G,1.8430495086061787,6.0,30.159703662337268,False,False,False,False
11,P,1.60043286621697,7.0,29.005212841832414,False,False,False,False
12,E,0.9401959009898806,7.0,29.05441840753313,False,False,False,False
13,M,1.9263060102988263,5.0,25.915775388747296,False,False,False,False
14,V,6.175933236606209,5.0,23.05693659183717,False,False,False,False
15,R,5.406573742799547,6.0,25.85747969157087,False,False,False,False
16,G,5.422692937322156,11.0,26.0746227010095,False,False,True,False
17,Q,2.08962374933214,9.0,29.524732293451876,False,False,True,False
18,V,3.5412868922528604,8.0,29.894783307460184,False,False,False,False
19,F,8.422416414654322,9.0,28.074888227738324,False,True,True,False
20,D,6.14825482770551,9.0,30.177635792089482,False,False,True,False
21,V,8.89612546016535,8.0,28.936198299016407,False,True,False,False
22,G,6.16653057998943,6.0,32.16731623869172,False,False,False,False
23,P,3.2632289714048164,5.0,34.67888413718065,False,False,False,False
24,R,6.543055879442235,8.0,32.554248708885915,False,False,False,False
25,Y,8.176620617259239,10.0,30.389056846174086,False,True,True,False
26,T,2.2275622490438938,9.0,32.39284819215501,False,False,True,False
27,N,2.4821147046387404,7.0,31.247092168712275,False,False,False,False
28,L,1.5050654976010431,6.0,30.608489933350192,False,False,False,False
29,S,3.422876260009845,7.0,27.871363996044398,True,False,False,False
30,Y,4.900751602090361,8.0,25.133912031357156,True,False,False,False
31,I,7.2545397979869355,7.0,21.987811100698494,True,True,False,False
32,G,8.02600690371188,7.0,19.562207927532107,True,True,False,True
33,E,8.940359856575194,8.0,17.931476124402028,True,True,False,True
34,G,13.091855138225702,8.0,15.083845033677589,False,True,False,True
35,A,12.300034771094229,4.0,13.310246804623873,False,True,False,True
36,Y,11.150636402826317,7.0,16.884232733529824,False,True,False,True
37,G,11.231633121461002,12.0,19.29089510624118,False,True,True,True
38,M,9.346645631456715,10.0,20.95394676427331,True,True,True,False
39,V,11.434590906466362,13.0,20.073006949632635,True,True,True,True
40,C,8.705534992131696,11.0,23.233081823124543,True,True,True,False
41,S,6.204718085544246,13.0,24.618577111604157,True,False,True,False
42,A,6.736711765604537,13.0,27.568621909700166,True,False,True,False
43,Y,2.5645875023210483,11.0,30.200108443513905,True,False,True,False
44,D,6.5116518325343185,12.0,30.011562355199036,True,False,True,False
45,N,2.8843023093982523,8.0,33.72522493624023,False,False,False,False
46,V,3.5027232314252426,5.0,33.54556869394227,False,False,False,False
47,N,3.8048945038473625,5.0,31.602920323919435,False,False,False,False
48,K,1.2007671950714933,7.0,33.02803129161652,False,False,False,False
49,V,3.9522982535705933,6.0,29.88513068400404,True,False,False,False
50,R,3.292560772484908,9.0,27.605334502592065,True,False,True,False
51,V,8.758594024564072,12.0,24.307125992185913,True,True,True,False
52,A,10.991013235537206,12.0,21.420277192417466,True,True,True,False
53,I,12.068481743712308,12.0,21.507846405440038,True,True,True,False
54,K,16.528524423488662,12.0,19.158378454347325,True,True,True,True
55,K,9.979224814548932,12.0,21.120404944034572,True,True,True,False
56,I,13.30230035656505,9.0,19.464708397507525,True,True,True,True
57,S,8.207442282196489,9.0,21.405270052022235,False,True,True,False
58,P,9.829233177883044,9.0,19.512548936517753,False,True,True,True
59,F,7.432785636125956,8.0,22.644798188546524,False,True,False,False
60,E,3.3210814791184475,4.0,23.33260101231751,False,False,False,False
61,H,3.822696435345071,7.0,20.321388805886276,True,False,False,True
62,Q,5.543643385268481,7.0,19.45142593744736,True,False,False,True
63,T,7.652266850329878,6.0,15.791761807980766,True,True,False,True
64,Y,7.978473531027202,9.0,15.643934127961547,True,True,True,True
65,C,10.56528101682327,12.0,17.558554496313185,True,True,True,True
66,Q,10.142636436082121,10.0,15.475013731819429,True,True,True,True
67,R,12.075792517714527,10.0,12.234345834575713,True,True,True,True
68,T,14.529510809431674,10.0,14.635946809140842,True,True,True,True
69,L,10.443638014450256,9.0,16.327496164446035,True,True,True,True
70,R,12.411545455459917,11.0,13.442655875979266,True,True,True,True
71,E,15.894182002399003,11.0,12.30036328731798,True,True,True,True
72,I,12.785317177843709,8.0,15.96188745105039,True,True,False,True
73,K,7.719480598659237,9.0,16.898913249082028,True,True,True,True
74,I,11.492207180382627,9.0,14.365942851062716,True,True,True,True
75,L,14.540250624515469,9.0,15.060037815357571,True,True,True,True
76,L,9.938343970141124,8.0,18.741467658644027,True,True,False,True
77,R,6.331002630456556,6.0,18.85690573768666,True,False,False,True
78,F,10.480851135126304,6.0,17.20889241061144,True,True,False,True
79,R,5.789021738479252,6.0,19.371463341730276,False,False,False,True
80,H,9.851783254880791,6.0,18.43478741401701,False,True,False,True
81,E,7.0158778595537346,5.0,19.191892064098315,False,True,False,True
82,N,10.758435082501105,11.0,15.80054068695119,False,True,True,True
83,I,13.630545585830927,9.0,13.890890756175429,False,True,True,True
84,I,15.080506843208425,7.0,14.804841809354128,False,True,False,True
85,G,13.08410048259836,8.0,17.43871494692198,False,True,False,True
86,I,14.058462869952324,9.0,19.059194657697372,False,True,True,True
87,N,10.420452349017948,7.0,22.638936304517486,False,True,False,False
88,D,11.94027311870815,8.0,24.04484670360782,True,True,False,False
89,I,13.716051352518136,10.0,23.55087552512645,True,True,True,False
90,I,11.509792510829195,8.0,26.135104380889697,True,True,False,False
91,R,9.621456975911585,8.0,27.144386104681022,False,True,False,False
92,A,6.4707860095919285,6.0,30.428625749448496,False,False,False,False
93,P,4.440263151809898,6.0,32.45759655304132,False,False,False,False
94,T,3.240988928557688,6.0,32.62527579960053,False,False,False,False
95,I,4.639901692873082,7.0,30.406842354970042,False,False,False,False
96,E,1.424447977255795,4.0,32.8795015169026,False,False,False,False
97,Q,1.835353511368416,7.0,32.40112197131451,False,False,False,False
98,M,7.414371833950877,9.0,28.61944882418248,False,True,True,False
99,K,3.1135050370277413,6.0,27.126450210080936,False,False,False,False
100,D,7.99476621687004,9.0,24.561007919057392,False,True,True,False
101,V,12.6099949016355,10.0,22.80953419077207,True,True,True,False
102,Y,11.503331242436072,12.0,22.383036009442506,True,True,True,False
103,I,17.206743732426208,11.0,20.037504061134957,True,True,True,True
104,V,13.615859052659602,12.0,21.54774143616913,True,True,True,False
105,Q,15.040709368432875,12.0,19.696036504840254,True,True,True,True
106,D,10.351315815814207,7.0,20.881161988739994,True,True,False,False
107,L,7.011928655066579,8.0,21.460781812413078,False,True,False,False
108,M,9.421449362002203,7.0,19.50371931196714,False,True,False,True
109,E,4.304420354820701,7.0,21.034684452113847,False,False,False,False
110,T,7.268953608509208,9.0,18.15364360121681,True,True,True,True
111,D,10.829447932214087,12.0,14.618479161663842,True,True,True,True
112,L,11.356493770345446,11.0,14.013276419167644,True,True,True,True
113,Y,8.682618728732152,8.0,13.56244775105143,True,True,False,True
114,K,7.3480563597528405,8.0,16.93757969722947,True,True,False,True
115,L,6.085634469094806,9.0,18.480214095080175,True,False,True,True
116,L,7.979894708784559,10.0,17.8454385488281,True,True,True,True
117,K,4.090477542760225,7.0,19.39912616588696,True,False,False,True
118,T,1.1550377961836247,6.0,22.627550243011285,True,False,False,False
119,Q,2.132675062726104,6.0,22.994783995506463,True,False,False,False
120,H,1.0781562194473833,6.0,23.670181009024837,False,False,False,False
121,L,5.468484762029953,7.0,22.42427963168494,False,False,False,False
122,S,1.6898451272981108,6.0,25.15929770482475,True,False,False,False
123,N,3.172432431487438,6.0,24.59998963414416,True,False,False,False
124,D,2.393488275509863,6.0,25.075639134426865,True,False,False,False
125,H,3.47638458310478,8.0,22.20564227848409,True,False,False,False
126,I,7.658242420834391,10.0,19.87919349470697,True,True,True,True
127,C,7.232083809326135,9.0,21.06541214882823,True,True,True,False
128,Y,5.836085974264118,8.0,20.689866263463376,True,False,False,False
129,F,8.725154948967518,9.0,17.211879008405795,True,True,True,True
130,L,12.59326653873023,9.0,16.092178628141063,True,True,True,True
131,Y,8.005383460238885,11.0,18.156294803731292,True,True,True,True
132,Q,9.39562765654423,10.0,16.585178473564884,True,True,True,True
133,I,14.786341493830964,11.0,12.949775905396972,True,True,True,True
134,L,11.676000827069549,10.0,14.34539302354592,True,True,True,True
135,R,8.358038943412055,10.0,16.577460631833816,True,True,True,True
136,G,12.601436383644431,12.0,13.960709509190426,True,True,True,True
137,L,12.187904637455716,9.0,11.93472065027079,True,True,True,True
138,K,6.086729210778665,11.0,15.403997598026299,True,False,True,True
139,Y,8.312531527119958,11.0,15.916462955066368,True,True,True,True
140,I,11.871085050157186,10.0,12.768465099611621,True,True,True,True
141,H,8.718303601009904,10.0,13.666092967633434,True,True,True,True
142,S,4.973567535074099,10.0,17.214660321946525,True,False,True,True
143,A,6.431225133367929,10.0,16.641224143674048,True,False,True,True
144,N,5.136568635724605,10.0,15.523741366049617,False,False,True,True
145,V,9.85654018959932,12.0,12.087499369183023,True,True,True,True
146,L,11.359776392151417,13.0,8.819542618526203,True,True,True,True
147,H,17.164880304127923,10.0,5.740445714402324,False,True,True,True
148,R,14.971974442808458,10.0,3.8198828516068404,False,True,True,True
149,D,17.372168622788582,7.0,0.0,False,True,False,True
150,L,18.145599774165635,9.0,3.7961472574177106,False,True,True,True
151,K,15.420892428506223,9.0,6.264438522325843,True,True,True,True
152,P,13.646144824743489,9.0,9.72909584699421,True,True,True,True
153,S,13.47036484618112,8.0,9.818871370987605,True,True,False,True
154,N,17.61216311991354,9.0,7.809786488758831,False,True,True,True
155,L,15.437667286094888,11.0,10.579687329973414,True,True,True,True
156,L,13.130948811739932,12.0,13.877013439497707,True,True,True,True
157,L,8.67671898103,12.0,17.240671506643814,True,True,True,True
158,N,5.91623143992978,9.0,20.717624888002966,False,False,True,False
159,T,1.7933682862789837,4.0,24.041637236261593,False,False,False,False
160,T,1.8455693294413262,3.0,24.532477942515303,False,False,False,False
162,D,6.520009291248605,5.0,19.902957066727545,False,False,False,True
163,L,11.71643171293294,11.0,16.122937728590284,True,True,True,True
164,K,11.511430754152196,10.0,13.974272002505174,True,True,True,True
165,I,16.76094001497815,11.0,10.364541234420363,True,True,True,True
167,D,19.26306440763227,5.0,7.747336445514678,False,True,False,True
168,F,16.387963049854665,8.0,7.697630804344931,False,True,False,True
169,G,16.751860790561732,8.0,8.371998626373513,False,True,False,True
170,L,14.79540305933209,9.0,6.507686916255267,False,True,True,True
171,A,14.051965776974043,9.0,7.579231953173089,False,True,True,True
172,R,11.16208830617992,10.0,10.57867553146423,True,True,True,True
173,V,6.523008596828711,10.0,13.616830578368814,True,False,True,True
174,A,6.997229371367851,10.0,13.995218040459392,False,True,True,True
175,D,5.339843268098146,8.0,16.580190650291087,True,False,False,True
176,P,4.228946246097313,7.0,17.584093380097823,True,False,False,True
177,D,1.6764934683493975,4.0,20.81572914889123,True,False,False,False
178,H,2.536228064168407,5.0,19.220127835162803,True,False,False,True
179,D,7.500387525365883,11.0,16.652190876878635,True,True,True,True
180,H,4.744965133116504,7.0,19.017614492885276,False,False,False,True
181,T,6.174352055721944,8.0,19.147407161284267,False,False,False,True
182,G,5.306412261407266,8.0,21.0360046111423,False,False,False,False
183,F,4.999806741775155,9.0,20.592194200715962,False,False,True,False
184,L,3.740635287490868,6.0,18.578109187966355,False,False,False,True
185,T,7.032204549215266,7.0,16.893637737325847,False,True,False,True
186,E,4.755761574301112,4.0,14.826845011667181,False,False,False,True
187,Y,11.38336541715303,4.0,11.047425039347404,False,True,False,True
188,V,10.306462198696947,4.0,8.866322236417984,False,True,False,True
189,A,13.12167180170582,8.0,5.407882487628591,False,True,False,True
190,T,12.643956810661262,7.0,6.249449015713306,True,True,False,True
191,R,7.523281580489353,8.0,9.354443917197857,True,True,False,True
192,W,9.436299171843816,8.0,10.193900578286998,True,True,False,True
193,Y,14.492330087609687,9.0,7.6271269820293375,True,True,True,True
194,R,11.370224298669413,10.0,8.459019210286733,True,True,True,True
195,A,15.175777247295656,8.0,11.032253486935476,True,True,False,True
196,P,13.945942494761681,9.0,14.471783649571325,True,True,True,True
197,E,12.666398366327762,7.0,15.081437796178452,True,True,False,True
198,I,12.927261546020654,10.0,12.701097039232476,True,True,True,True
199,M,9.439266303417844,11.0,15.447025409443722,True,True,True,True
200,L,10.219852535537596,10.0,18.186448966194583,True,True,True,True
201,N,8.730899367507485,12.0,18.167817287720613,True,True,True,True
202,S,10.803286451998277,10.0,15.022227564512528,False,True,True,True
203,K,7.062627866267152,8.0,13.166179514194694,False,True,False,True
204,G,12.634935688292506,8.0,10.33065327072785,False,True,False,True
205,Y,8.837408704242701,9.0,12.202693841935067,False,True,True,True
206,T,8.229834728772435,10.0,12.94579024239154,False,True,True,True
207,K,6.789865075086698,9.0,12.033252511270593,True,False,True,True
208,S,9.37683920691195,9.0,12.552358105152992,True,True,True,True
209,I,13.639235420386154,10.0,9.274441492618301,True,True,True,True
210,D,13.712876512860248,11.0,7.713762311609037,True,True,True,True
211,I,11.246393133368462,11.0,10.958498893552893,True,True,True,True
212,W,14.857611207925428,13.0,10.714131602701174,True,True,True,True
213,S,17.776308321689587,13.0,7.730439444171334,True,True,True,True
214,V,15.749233120931386,9.0,10.022468009427618,True,True,True,True
215,G,15.000110290675915,11.0,12.83866601325854,True,True,True,True
216,C,15.350026933597645,11.0,11.732863844773785,True,True,True,True
217,I,16.202734270313503,10.0,11.44710024416664,True,True,True,True
218,L,12.620312004941445,10.0,14.863885091052072,True,True,True,True
219,A,11.99259328246614,11.0,16.269077693587917,True,True,True,True
220,E,10.857219760007501,11.0,15.299800848377078,True,True,True,True
221,M,10.605008985846977,10.0,17.011809339397146,True,True,True,True
222,L,8.200431441082998,8.0,20.00631672747385,True,True,False,True
223,S,5.984261229267332,7.0,20.72127915935694,True,False,False,False
224,N,5.165185894857261,9.0,19.018095935187624,True,False,True,True
225,R,3.955743291117802,5.0,17.829236775588573,False,False,False,True
226,P,7.886465207155347,8.0,14.877095314610306,False,True,False,True
227,I,9.956194745853495,7.0,16.056937846301825,False,True,False,True
228,F,10.3548813926899,8.0,15.107827540715444,False,True,False,True
229,P,6.404431209403113,8.0,15.200380620234483,False,False,False,True
230,G,6.721153334066131,10.0,15.753767041568187,False,False,True,True
231,K,1.8902416480112272,6.0,17.369206113118697,False,False,False,True
232,H,1.9388445982333498,6.0,16.823955480207385,True,False,False,True
233,Y,5.249257917446856,7.0,15.59027225548034,True,False,False,True
234,L,3.5860968381025473,7.0,18.147387139751,True,False,False,True
235,D,4.052637128305547,9.0,18.592415873145697,True,False,True,True
236,Q,9.222302095161954,14.0,15.344962723969063,True,True,True,True
237,L,8.616336195885717,9.0,17.196580619413847,True,True,True,True
238,N,5.294005576403056,8.0,20.297636832892643,True,False,False,True
239,H,6.110687520074099,11.0,18.72194682718654,True,False,True,True
240,I,11.356544297822646,10.0,17.611227611952554,True,True,True,True
241,L,8.941160113867584,10.0,21.063372237132405,True,True,True,False
242,G,5.472295372636705,8.0,22.755667513830485,True,False,False,False
243,I,7.37750439110483,8.0,21.932910180821874,True,True,False,False
244,L,9.290418093955678,8.0,21.82684743612783,True,True,False,False
245,G,7.090436114262597,10.0,24.77552485821441,True,True,True,False
246,S,5.668444744573696,8.0,25.677634743098913,False,False,False,False
247,P,7.261853186167009,7.0,24.735291730642675,False,True,False,False
248,S,3.0527291278258755,6.0,27.646930408274983,True,False,False,False
249,Q,1.2577603901006142,6.0,29.73676951183501,True,False,False,False
250,E,1.8550276464763344,5.0,28.520147124445206,True,False,False,False
251,D,5.731196308683252,8.0,24.841783772507164,True,False,False,False
252,L,5.7851574953350084,8.0,25.818844668187616,True,False,False,False
253,N,1.8483306275291294,6.0,27.986990513451065,True,False,False,False
255,I,7.6043747403846735,7.0,23.712197726064954,False,True,False,False
256,I,2.4188478124293726,5.0,26.251006704505638,False,False,False,False
257,N,4.310949407830464,8.0,25.336224521423865,True,False,False,False
258,L,1.815688844365588,6.0,27.962674800526507,True,False,False,False
259,K,2.1802831835961887,7.0,26.283273197986585,True,False,False,False
260,A,7.127415219468479,11.0,23.412573480931137,True,True,True,False
261,R,3.198382041341643,11.0,26.00897839208607,True,False,True,False
262,N,1.637204270593461,8.0,28.37941382410849,True,False,False,False
263,Y,3.615500166830064,8.0,25.921726504999622,True,False,False,False
264,L,7.110993468262272,7.0,25.293019036880512,True,True,False,False
265,L,1.5079543518106433,6.0,29.03775108371859,True,False,False,False
266,S,0.9054636023330709,6.0,29.795265177541214,True,False,False,False
267,L,3.5722005397012193,6.0,28.200526253954905,True,False,False,False
268,P,0.9965665322290015,4.0,30.50748921166735,False,False,False,False
269,H,1.1358230850921658,5.0,30.386264084286505,False,False,False,False
270,K,2.790007176498329,8.0,28.247870663113705,False,False,False,False
271,N,2.0171775702960346,6.0,28.89267883045807,False,False,False,False
272,K,4.803662200926405,7.0,26.414792389871252,False,False,False,False
273,V,4.581011499553155,8.0,26.049215688768825,False,False,False,False
274,P,2.8165439556464733,6.0,26.739879019920792,True,False,False,False
275,W,7.21949257236444,7.0,24.1974650118561,True,True,False,False
276,N,2.2263121084132855,8.0,27.152617424476787,True,False,False,False
277,R,1.6209063540781246,7.0,27.99450069210022,True,False,False,False
278,L,5.4427852079711645,6.0,24.572482027666645,True,False,False,False
279,F,6.794947106721127,9.0,24.522163954267985,True,False,True,False
280,P,1.1439978017030943,6.0,28.241137052179752,False,False,False,False
281,N,1.2348225469222334,4.0,27.930235623782334,False,False,False,False
282,A,4.003826466305989,9.0,25.443567477851843,False,False,True,False
283,D,2.9856176269619303,6.0,26.56216472729585,True,False,False,False
284,S,1.6867317929207024,6.0,27.373934645936455,True,False,False,False
285,K,2.3342488573460067,8.0,25.77559605518367,True,False,False,False
286,A,6.939500930108757,9.0,22.438261318560308,True,True,True,False
287,L,5.848078999024554,11.0,22.756226071121723,True,False,True,False
288,D,3.505125531827328,8.0,23.7243386841446,True,False,False,False
289,L,8.058321042133423,11.0,20.600424898530616,True,True,True,False
290,L,10.108870509649938,11.0,18.503108144309156,True,True,True,True
291,D,6.088622772293541,8.0,20.430381176081866,True,False,False,False
292,K,4.871600019657692,9.0,19.67257921575104,True,False,True,True
293,M,11.447878537188663,11.0,15.887446176148009,True,True,True,True
294,L,12.158719077548286,9.0,16.0702240494649,True,True,True,True
295,T,8.494990015856049,9.0,18.375069442045653,False,True,True,True
296,F,10.316982901999237,6.0,18.508504288569622,False,True,False,True
297,N,6.922642237236437,7.0,19.548383104492302,False,False,False,True
298,P,8.25516450604982,7.0,16.876651830265388,False,True,False,True
299,H,3.8929894723707736,4.0,19.834412368406586,False,False,False,True
300,K,4.010263257003486,6.0,21.094472759469483,False,False,False,False
301,R,9.62479499341462,11.0,17.864672065280125,False,True,True,True
302,I,6.62198550713913,8.0,18.26265481796116,False,False,False,True
303,E,4.588333855523815,8.0,17.06123213604457,True,False,False,True
304,V,7.648568852312766,10.0,15.861366240018546,True,True,True,True
305,E,3.572546946187152,7.0,19.425171247636403,True,False,False,True
306,Q,2.8433104378137215,8.0,20.998507137413366,True,False,False,False
307,A,7.334984440263108,9.0,18.94783737000083,True,True,True,True
308,L,7.24863392070142,10.0,20.1373530286381,True,True,True,True
309,A,2.6571069390555464,9.0,23.610875841442223,True,False,True,False
310,H,4.579453507114741,9.0,23.580192089972464,True,False,True,False
311,P,2.131001026350451,6.0,26.432058754474653,True,False,False,False
312,Y,6.605793271315047,7.0,24.299703208064084,True,False,False,False
313,L,8.036915595359305,11.0,23.32085592340041,True,True,True,False
314,E,2.3531921821919566,8.0,26.817440910720773,True,False,False,False
315,Q,1.4549628930711422,4.0,27.643225101279334,False,False,False,False
316,Y,3.9382024900036288,6.0,25.002314152893927,False,False,False,False
317,Y,3.036924326803122,8.0,24.67008577204384,False,False,False,False
318,D,2.574412751646275,6.0,26.20393483811162,True,False,False,False
319,P,1.5954219240059202,5.0,25.061407023549176,True,False,False,False
320,S,1.0459400231164313,5.0,27.261989454183276,True,False,False,False
321,D,3.1091115888342227,5.0,25.234950624084842,True,False,False,False
322,E,6.046051959522019,7.0,21.783334478449344,True,False,False,False
323,P,5.566007290827573,6.0,21.783109190379594,False,False,False,False
324,I,2.8431488690291133,7.0,20.412268590237588,False,False,False,False
325,A,4.67329993289328,8.0,20.06086503618426,False,False,False,True
326,E,1.6899591217561725,4.0,23.361298337207206,False,False,False,False
327,A,1.4326657145875576,5.0,22.409282117015707,False,False,False,False
328,P,1.6276107409452283,8.0,19.714298820906617,False,False,False,True
329,F,5.76614314687949,8.0,18.27471849304388,False,False,False,True
330,K,1.427182786447407,5.0,19.805799882862598,False,False,False,True
331,F,2.7687170419581277,4.0,19.42400743924899,False,False,False,True
332,D,4.442796756215903,5.0,18.43888198888425,False,False,False,True
333,M,8.121224202657766,7.0,14.734907498861336,False,True,False,True
334,E,6.9628698088448155,5.0,15.476743875893273,False,True,False,True
335,L,7.888792571819039,7.0,17.90683439360514,False,True,False,True
336,D,4.530757975112836,4.0,18.842383182601928,False,False,False,True
337,D,1.5550652210192795,4.0,22.59509358245723,False,False,False,False
338,L,3.9146665885634904,7.0,23.213298365376687,False,False,False,False
339,P,1.4504537704752427,6.0,25.348764821979,True,False,False,False
340,K,2.4749971890726594,7.0,24.55060978876085,True,False,False,False
341,E,2.0594349340000653,6.0,27.230319370143274,True,False,False,False
342,K,2.63845082756688,8.0,25.77688454798213,True,False,False,False
343,L,7.781686353494302,11.0,22.309335400231,True,True,True,False
344,K,6.488171819699509,10.0,24.095695943466747,True,False,True,False
345,E,4.776340396585082,9.0,26.274446768676214,True,False,True,False
346,L,5.655108584167112,8.0,23.47431306769167,True,False,False,False
347,I,11.035691739845756,9.0,21.912552087787493,True,True,True,False
348,F,6.833902339462076,9.0,25.475231775196864,True,False,True,False
349,E,4.038202893576103,7.0,26.040874697290793,True,False,False,False
350,E,7.068351061709198,7.0,22.878449903785,True,True,False,False
351,T,10.051788750354191,8.0,23.855107922623198,True,True,False,False
352,A,5.885651112432145,7.0,27.53180139402433,True,False,False,False
353,R,6.63458324446783,4.0,27.64032816375377,True,False,False,False
354,F,10.331528629900664,7.0,27.5792242095386,True,True,False,False
355,Q,8.203815507598351,5.0,30.560739945230385,True,True,False,False
356,P,7.513598476376446,5.0,34.0420618793868,False,True,False,False
357,G,4.776344523838231,4.0,35.07786464424538,False,False,False,False
358,Y,2.759526322981754,4.0,38.032682800454666,False,False,False,False
359,R,4.0902622993274855,4.0,40.058356656258375,False,False,False,False
360,S,0.6932677645970546,2.0,43.78272103238903,False,False,False,False
