,residue_number,residue_name,buriedness,contacts,distance_to_active_site,is_secondary,is_buried,is_connected,is_close_to_as
0,1,M,1.8143311044213055,3.0,27.45343872814479,False,False,False,False
1,2,S,4.861041679959585,7.0,24.68005125602457,True,False,False,False
2,3,G,2.1621858799509432,6.0,27.071725822340916,True,False,False,False
3,4,I,1.551476667826487,6.0,25.2115739096154,True,False,False,False
4,5,A,5.467873277083462,11.0,21.94805800065236,True,False,True,False
5,6,L,4.3749395400173,9.0,24.17824321575081,True,False,True,False
6,7,S,1.7163129894265332,8.0,26.036136061251486,True,False,False,False
7,8,R,3.718469204430507,8.0,23.001587293054364,True,False,False,False
8,9,L,7.546511646906062,9.0,21.57121051308897,True,True,True,False
9,10,A,4.55347412744877,9.0,25.063151637413842,True,False,True,False
10,11,Q,2.166586675819761,8.0,25.04506945488473,True,False,False,False
11,12,E,6.391083949715555,9.0,21.60836886486345,True,True,True,False
12,13,R,4.736798381106232,8.0,23.11171971100377,True,False,False,False
13,14,K,2.8013272004113343,8.0,26.321696924780515,True,False,False,False
14,15,A,4.852708209182291,8.0,24.644721909569196,True,False,False,False
15,16,W,6.985905476032265,8.0,22.5228644936651,True,True,False,False
16,17,R,2.2140831400829675,7.0,25.665264249565016,True,False,False,False
17,18,K,1.1134646392023393,6.0,27.63514213822683,True,False,False,False
18,19,D,1.6950452975321415,6.0,25.498042395446753,True,False,False,False
19,20,H,4.024656451707871,7.0,22.291784585357895,False,False,False,False
20,21,P,4.01961582442045,5.0,21.394196829981727,False,False,False,False
21,22,F,1.882793265143249,4.0,23.38407714663976,False,False,False,False
22,23,G,4.791941733655199,6.0,21.9410736747316,False,False,False,False
23,24,F,6.67895048886088,8.0,19.18073653434612,False,True,False,False
24,25,V,6.299938870463779,7.0,19.616706655297673,True,True,False,False
25,26,A,7.8747639696846035,8.0,18.613976469309293,True,True,False,False
26,27,V,6.009563293788701,7.0,21.112496157489293,True,False,False,False
27,28,P,6.957369873545,10.0,21.52525525981051,True,True,True,False
28,29,T,7.031581922400797,10.0,22.55123193974112,True,True,True,False
29,30,K,3.1593087503181754,8.0,26.113418983350304,True,False,False,False
30,31,N,4.156369508238291,8.0,27.530811194005892,False,False,False,False
31,32,P,0.935419498530232,4.0,30.36461560764437,False,False,False,False
32,33,D,0.47755764255191835,4.0,32.92474988515479,False,False,False,False
33,34,G,0.8680008906537494,6.0,31.730207610414404,False,False,False,False
34,35,T,2.132395743006231,6.0,30.297997739124614,False,False,False,False
35,36,M,4.41729176481374,8.0,26.92158411015221,True,False,False,False
36,37,N,7.9296329749729,9.0,23.967904601779438,True,True,True,False
37,38,L,7.5012897505730525,10.0,22.019882492874476,True,True,True,False
38,39,M,9.878519779508002,7.0,19.48337788988347,True,True,False,False
39,40,N,10.745881738642698,11.0,18.22986179322268,True,True,True,False
40,41,W,10.811060267787925,12.0,17.602978043501615,True,True,True,True
41,42,E,7.26689353705748,11.0,17.67619580113323,True,True,True,False
42,43,C,9.96547530638935,11.0,16.17793265531786,True,True,True,True
43,44,A,8.58058732542458,11.0,16.46622124228871,True,True,True,True
44,45,I,10.283409512444695,12.0,15.204174887181482,True,True,True,True
45,46,P,7.998018070708135,10.0,17.850130307647618,True,True,True,False
46,47,G,7.2324062074460755,10.0,17.413875990140735,False,True,True,True
47,48,K,3.008701925274339,8.0,18.46863013328276,False,False,False,False
48,49,K,1.223299807330497,5.0,22.145553504033266,False,False,False,False
49,50,G,0.4379769562030368,5.0,23.206497775407644,False,False,False,False
50,51,T,3.1157982066436185,7.0,20.232186560033494,False,False,False,False
51,52,P,4.522747709381206,8.0,20.222930944845757,False,False,False,False
52,53,W,8.555624424678319,11.0,17.977850928295073,False,True,True,False
53,54,E,3.619240942979564,10.0,20.95050059067802,False,False,True,False
54,55,G,3.8696718474501233,9.0,22.725643071209227,False,False,True,False
55,56,G,6.161511703943642,12.0,19.921364687189477,False,True,True,False
56,57,L,6.404741384089305,11.0,18.74551663731891,True,True,True,False
57,58,F,9.977806438169882,9.0,15.40712500760606,True,True,True,True
58,59,K,6.914728376620202,9.0,15.460150710778988,True,True,True,True
59,60,L,12.187161225233748,11.0,12.835112504376422,True,True,True,True
60,61,R,10.363235192466686,12.0,13.561508396929895,True,True,True,True
61,62,M,14.343567205199012,12.0,12.722147342331798,True,True,True,True
62,63,L,13.320009242587965,10.0,14.023033801570898,True,True,True,True
63,64,F,11.709497084987976,10.0,15.426171624871802,False,True,True,True
64,65,K,8.041446439425082,8.0,16.925559961194786,False,True,False,True
65,66,D,5.998518977936688,7.0,20.541051238921536,False,False,False,False
66,67,D,3.825184532396231,8.0,19.82910106384049,False,False,False,False
67,68,Y,6.576685532203306,9.0,17.887621418176312,False,True,True,False
68,69,P,3.589548832648969,7.0,17.67913702645013,False,False,False,False
69,70,S,1.5509113924354745,6.0,17.756895590164405,False,False,False,False
70,71,S,5.024634293238506,9.0,14.398323721878183,False,False,True,True
71,72,P,7.30656586244863,11.0,11.43370254991794,False,True,True,True
72,73,P,10.97287927158801,9.0,11.274257492181027,False,True,True,True
73,74,K,13.445659844597388,8.0,9.199165070809416,True,True,False,True
74,75,C,15.6781621327399,10.0,8.30214532515542,True,True,True,True
75,76,K,13.708741869752776,10.0,9.33245589327911,True,True,True,True
76,77,F,12.719402787704896,13.0,10.899284288429218,True,True,True,True
77,78,E,8.0891664276017,8.0,14.51412574011952,False,True,False,True
78,79,P,6.901871716550518,5.0,15.490845457882537,False,True,False,True
79,80,P,9.517695760736931,8.0,12.635252826912486,False,True,False,True
80,81,L,11.534761158497895,7.0,12.248708054321485,False,True,False,True
81,82,F,11.631448030352498,7.0,13.17027539575388,False,True,False,True
82,83,H,11.708211736350414,6.0,10.471936210653693,False,True,False,True
83,84,P,10.612195572335285,11.0,9.473519145491817,False,True,True,True
84,85,N,10.599765231509583,11.0,5.672479616534554,False,True,True,True
85,86,V,15.248658688521672,13.0,6.308459716919813,False,True,True,True
86,87,Y,15.168024508694506,9.0,7.898389582693424,False,True,True,True
87,88,P,13.867102396389441,6.0,11.613525261521586,False,True,False,True
88,89,S,13.354895728774855,5.0,11.528972634194254,False,True,False,True
89,90,G,14.037217183921086,12.0,9.573739342597541,False,True,True,True
90,91,T,16.188412172323606,10.0,6.606009006957226,False,True,True,True
91,92,V,14.3762318436894,10.0,3.7936776352241637,False,True,True,True
92,93,C,11.568887806285703,8.0,0.0,False,True,False,True
93,94,L,8.417986600575842,6.0,3.789758039769821,True,True,False,True
94,95,S,5.686324266229788,8.0,6.956662705636949,True,False,False,True
95,96,I,6.455479772461981,7.0,8.727808774257143,True,True,False,True
96,97,L,9.694218757246635,10.0,6.847394614011959,True,True,True,True
97,98,E,6.158755197117449,10.0,8.040559992935815,True,True,True,True
98,99,E,2.1765329675161222,8.0,11.784492267382587,False,False,False,True
99,100,D,1.1688764082460823,5.0,12.879455462091554,False,False,False,True
100,101,K,2.6833891685374494,7.0,11.20398250623411,False,False,False,True
101,102,D,2.723288966330281,9.0,11.628848782231197,False,False,True,True
102,103,W,4.556261546314586,12.0,11.76777574565389,False,False,True,True
103,104,R,1.4130562627427692,5.0,15.399437424789259,False,False,False,True
104,105,P,1.6301749220247874,7.0,17.422004505796686,False,False,False,True
105,106,A,1.9836749258194082,4.0,18.51833961239506,False,False,False,False
106,107,I,5.440172725346518,7.0,15.36079392479438,False,False,False,True
107,108,T,5.5964050295711205,6.0,16.24865954471322,True,False,False,True
108,109,I,9.115537777690976,7.0,15.0208675515098,True,True,False,True
109,110,K,3.893565183909278,7.0,16.209842072025253,True,False,False,True
110,111,Q,3.873222429753789,8.0,14.168460960880683,True,False,False,True
111,112,I,8.728001132560951,8.0,10.892674143661877,True,True,False,True
112,113,L,9.002313372636854,9.0,12.14181683274789,True,True,True,True
113,114,L,4.139944299193401,8.0,13.434465415490115,True,False,False,True
114,115,G,5.895494762107567,8.0,10.36287078950616,True,False,False,True
115,116,I,9.525942380061856,8.0,8.583034078925703,True,True,False,True
116,117,Q,5.867366894698837,10.0,12.0018581061434,True,False,True,True
117,118,E,3.086168304473602,8.0,12.245120211741492,True,False,False,True
118,119,L,7.521100456517257,8.0,9.131272967116907,True,True,False,True
119,120,L,8.750172749524497,7.0,11.015209575854652,True,True,False,True
120,121,N,4.094142222415749,7.0,13.923627867764925,True,False,False,True
121,122,E,2.714391116137525,6.0,12.628708643404519,True,False,False,True
122,123,P,5.396921486454955,8.0,9.995337763177389,False,False,False,True
123,124,N,5.029223422470998,7.0,9.27548327581911,False,False,False,True
124,125,I,4.780042052281389,7.0,11.665254262123907,False,False,False,True
125,126,Q,2.9317962936861397,4.0,12.149443773276207,False,False,False,True
126,127,D,7.776247293807036,5.0,9.12655712741667,False,True,False,True
127,128,P,10.150671744267031,11.0,8.623596697434314,False,True,True,True
128,129,A,14.156854204350873,12.0,7.240228380375856,False,True,True,True
129,130,Q,14.76095432183009,11.0,10.541399622441036,True,True,True,True
130,131,A,14.093583831970397,9.0,14.01896989796326,True,True,True,True
131,132,E,11.491689745724491,7.0,15.538731672823236,True,True,False,True
132,133,A,11.382635914039861,10.0,13.872719740555562,True,True,True,True
133,134,Y,8.278438905296655,11.0,13.656399452271453,True,True,True,True
134,135,T,9.348274329627197,11.0,17.318900715692088,True,True,True,True
135,136,I,8.049362908384605,11.0,18.59471777145327,True,True,True,False
136,137,Y,4.461134021083781,9.0,17.004957100798578,True,False,True,True
137,138,C,4.035963209790395,7.0,18.695088178449442,True,False,False,False
138,139,Q,5.042867180853379,6.0,21.931183757380722,True,False,False,False
139,140,N,2.8520329085005462,8.0,22.79050708080011,True,False,False,False
140,141,R,1.6973194123458013,9.0,21.187321586269466,True,False,True,False
141,142,V,1.4719618581822158,6.0,23.787496169206204,True,False,False,False
142,143,E,3.8137878930662046,8.0,22.96166313662841,True,False,False,False
143,144,Y,7.043887854551087,10.0,19.21661835495517,True,True,True,False
144,145,E,4.245377393695659,9.0,20.141835715743486,True,False,True,False
145,146,K,2.711981672388447,8.0,22.67789551523686,True,False,False,False
146,147,R,6.732918374746521,8.0,20.243641495541258,True,True,False,False
147,148,V,7.856117743411111,11.0,17.995480571521284,True,True,True,False
148,149,R,2.9321134433549005,10.0,21.20644677922259,True,False,True,False
149,150,A,4.853455777992277,8.0,22.355491719038525,True,False,False,False
150,151,Q,7.967673202571067,8.0,19.229397520463298,True,True,False,False
151,152,A,6.555404790647782,13.0,19.602831173072936,True,True,True,False
152,153,K,2.271693097940294,9.0,23.256971320444972,True,False,True,False
153,154,K,2.5658847723915645,6.0,22.64141378094575,True,False,False,False
154,155,F,4.971437220291982,9.0,20.64035552019393,True,False,True,False
155,156,A,2.3295041078432606,8.0,23.148333201334392,False,False,False,False
156,157,P,1.2656836120689057,4.0,24.324892641078605,False,False,False,False
